[
    {
        "fields": {
            "username": "demo",
            "first_name": "John",
            "last_name": "Doe",
            "is_active": true,
            "is_staff": true,
            "password": "pbkdf2_sha256$20000$UdG0Ji72jbiZ$cYGWaAaANlTND/KIrVQ2UMsH1wdcZsk6DKgB3uhjrWE=",
            "token": "cb1ea0d5cd25d0073e47c36be67b1aa26a210eda",
            "email": "",
            "date_joined": "2016-06-28T08:45:14.078"
        },
        "model": "blog.user",
        "pk": 1
    },
    {
        "fields": {
            "username": "editor",
            "first_name": "Joe",
            "last_name": "Bloggs",
            "is_active": true,
            "is_staff": true,
            "password": "pbkdf2_sha256$20000$prz2hLPEmqyp$JSdE5l2QlrlQZhj75QO1M+M8qNSdGjVMZrF7/jmeNjQ=",
            "token": "43b464e16613beb806b1e4b2b25c63aea189e397",
            "email": "",
            "date_joined": "2016-06-28T08:45:14.078"
        },
        "model": "blog.user",
        "pk": 2
    },
    {
        "fields": {
            "username": "admin",
            "first_name": "Jane",
            "last_name": "Citizen",
            "is_active": true,
            "is_staff": true,
            "password": "pbkdf2_sha256$20000$4YZnpyZgKxSK$7HjcOIgrenqqlW+vnOj1qasRgYaCqCEsHRz3/170MPo=",
            "token": "5d212b63c1723cfdb6833abf858c45924584aed0",
            "email": "",
            "date_joined": "2016-06-28T08:45:14.078"
        },
        "model": "blog.user",
        "pk": 3
    },
    {
        "fields": {
            "position": 0,
            "name": "News",
            "slug": "news"
        },
        "model": "blog.section",
        "pk": 1
    },
    {
        "fields": {
            "position": 1,
            "name": "Updates",
            "slug": "updates"
        },
        "model": "blog.section",
        "pk": 2
    },
    {
        "fields": {
            "position": 2,
            "name": "Help",
            "slug": "help"
        },
        "model": "blog.section",
        "pk": 3
    },
    {
        "fields": {
            "position": 3,
            "name": "FAQ",
            "slug": "faq"
        },
        "model": "blog.section",
        "pk": 4
    },
    {
        "fields": {
            "position": 0,
            "section": 2,
            "name": "Core",
            "slug": "core"
        },
        "model": "blog.category",
        "pk": 1
    },
    {
        "fields": {
            "position": 1,
            "section": 2,
            "name": "UI",
            "slug": "ui"
        },
        "model": "blog.category",
        "pk": 2
    },
    {
        "fields": {
            "position": 2,
            "section": 2,
            "name": "CLI",
            "slug": "cli"
        },
        "model": "blog.category",
        "pk": 3
    },
    {
        "fields": {
            "position": 3,
            "section": 2,
            "name": "Documentation",
            "slug": "documentation"
        },
        "model": "blog.category",
        "pk": 4
    },
    {
        "fields": {
            "position": 4,
            "section": 2,
            "name": "Examples",
            "slug": "examples"
        },
        "model": "blog.category",
        "pk": 5
    },
    {
        "fields": {
            "position": 0,
            "section": 3,
            "name": "General",
            "slug": "general"
        },
        "model": "blog.category",
        "pk": 6
    },
    {
        "fields": {
            "position": 1,
            "section": 3,
            "name": "Installation",
            "slug": "installation"
        },
        "model": "blog.category",
        "pk": 7
    },
    {
        "fields": {
            "position": 2,
            "section": 3,
            "name": "Usage",
            "slug": "usage"
        },
        "model": "blog.category",
        "pk": 8
    },
    {
        "fields": {
            "position": 3,
            "section": 3,
            "name": "Customization",
            "slug": "customization"
        },
        "model": "blog.category",
        "pk": 9
    },
    {
        "fields": {
            "position": 4,
            "section": 3,
            "name": "API",
            "slug": "api"
        },
        "model": "blog.category",
        "pk": 10
    },
    {
        "fields": {
            "position": 5,
            "section": 3,
            "name": "Examples",
            "slug": "examples"
        },
        "model": "blog.category",
        "pk": 11
    },
    {
        "fields": {
            "name": "backend",
            "slug": "backend"
        },
        "model": "blog.tag",
        "pk": 1
    },
    {
        "fields": {
            "name": "frontend",
            "slug": "frontend"
        },
        "model": "blog.tag",
        "pk": 2
    },
    {
        "fields": {
            "name": "admin",
            "slug": "admin"
        },
        "model": "blog.tag",
        "pk": 3
    },
    {
        "fields": {
            "name": "ui",
            "slug": "ui"
        },
        "model": "blog.tag",
        "pk": 4
    },
    {
        "fields": {
            "name": "ux",
            "slug": "ux"
        },
        "model": "blog.tag",
        "pk": 5
    },
    {
        "fields": {
            "name": "usability",
            "slug": "usability"
        },
        "model": "blog.tag",
        "pk": 6
    },
    {
        "fields": {
            "name": "connector",
            "slug": "connector"
        },
        "model": "blog.tag",
        "pk": 7
    },
    {
        "fields": {
            "name": "descriptor",
            "slug": "descriptor"
        },
        "model": "blog.tag",
        "pk": 8
    },
    {
        "fields": {
            "name": "admin-kit",
            "slug": "admin-kit"
        },
        "model": "blog.tag",
        "pk": 9
    },
    {
        "fields": {
            "name": "rest",
            "slug": "rest"
        },
        "model": "blog.tag",
        "pk": 10
    },
    {
        "fields": {
            "name": "graphql",
            "slug": "graphql"
        },
        "model": "blog.tag",
        "pk": 11
    },
    {
        "fields": {
            "name": "api",
            "slug": "api"
        },
        "model": "blog.tag",
        "pk": 12
    },
    {
        "fields": {
            "name": "authentication",
            "slug": "authentication"
        },
        "model": "blog.tag",
        "pk": 13
    },
    {
        "fields": {
            "name": "permissions",
            "slug": "permissions"
        },
        "model": "blog.tag",
        "pk": 14
    },
    {
        "fields": {
            "name": "fields",
            "slug": "fields"
        },
        "model": "blog.tag",
        "pk": 15
    },
    {
        "fields": {
            "name": "customization",
            "slug": "customization"
        },
        "model": "blog.tag",
        "pk": 16
    },
    {
        "fields": {
            "name": "dashboard",
            "slug": "dashboard"
        },
        "model": "blog.tag",
        "pk": 17
    },
    {
        "fields": {
            "name": "listview",
            "slug": "listview"
        },
        "model": "blog.tag",
        "pk": 18
    },
    {
        "fields": {
            "name": "changeview",
            "slug": "changeview"
        },
        "model": "blog.tag",
        "pk": 19
    },
    {
        "fields": {
            "name": "react",
            "slug": "react"
        },
        "model": "blog.tag",
        "pk": 20
    },
    {
        "fields": {
            "name": "deployment",
            "slug": "deployment"
        },
        "model": "blog.tag",
        "pk": 21
    },
    {
        "fields": {
            "name": "django",
            "slug": "django"
        },
        "model": "blog.tag",
        "pk": 22
    },
    {
        "fields": {
            "name": "flask",
            "slug": "flask"
        },
        "model": "blog.tag",
        "pk": 23
    },
    {
        "fields": {
            "name": "node",
            "slug": "node"
        },
        "model": "blog.tag",
        "pk": 24
    },
    {
        "fields": {
            "name": "express",
            "slug": "express"
        },
        "model": "blog.tag",
        "pk": 25
    },
    {
        "fields": {
            "name": "rails",
            "slug": "rails"
        },
        "model": "blog.tag",
        "pk": 26
    },
    {
        "fields": {
            "name": "hapi",
            "slug": "hapi"
        },
        "model": "blog.tag",
        "pk": 27
    },
    {
        "fields": {
            "name": "koa",
            "slug": "koa"
        },
        "model": "blog.tag",
        "pk": 28
    },
    {
        "fields": {
            "name": "laravel",
            "slug": "laravel"
        },
        "model": "blog.tag",
        "pk": 29
    },
    {
        "fields": {
            "name": "nginx",
            "slug": "nginx"
        },
        "model": "blog.tag",
        "pk": 30
    },
    {
        "fields": {
            "name": "apache",
            "slug": "apache"
        },
        "model": "blog.tag",
        "pk": 31
    },
    {
        "fields": {
            "name": "server",
            "slug": "server"
        },
        "model": "blog.tag",
        "pk": 32
    },
    {
        "fields": {
            "name": "tests",
            "slug": "tests"
        },
        "model": "blog.tag",
        "pk": 33
    },
    {
        "fields": {
            "name": "component",
            "slug": "component"
        },
        "model": "blog.tag",
        "pk": 34
    },
    {
        "fields": {
            "name": "npm",
            "slug": "npm"
        },
        "model": "blog.tag",
        "pk": 35
    },
    {
        "fields": {
            "name": "documentation",
            "slug": "documentation"
        },
        "model": "blog.tag",
        "pk": 36
    },
    {
        "fields": {
            "name": "beginner",
            "slug": "beginner"
        },
        "model": "blog.tag",
        "pk": 37
    },
    {
        "fields": {
            "name": "intermediate",
            "slug": "intermediate"
        },
        "model": "blog.tag",
        "pk": 38
    },
    {
        "fields": {
            "name": "advanced",
            "slug": "advanced"
        },
        "model": "blog.tag",
        "pk": 39
    },
    {
        "fields": {
            "name": "expert",
            "slug": "expert"
        },
        "model": "blog.tag",
        "pk": 40
    },
    {
        "fields": {
            "name": "browserify",
            "slug": "browserify"
        },
        "model": "blog.tag",
        "pk": 41
    },
    {
        "fields": {
            "name": "webpack",
            "slug": "webpack"
        },
        "model": "blog.tag",
        "pk": 42
    },
    {
        "fields": {
            "name": "mongodb",
            "slug": "mongodb"
        },
        "model": "blog.tag",
        "pk": 43
    },
    {
        "fields": {
            "name": "mysql",
            "slug": "mysql"
        },
        "model": "blog.tag",
        "pk": 44
    },
    {
        "fields": {
            "name": "postgresql",
            "slug": "postgresql"
        },
        "model": "blog.tag",
        "pk": 45
    },
    {
        "fields": {
            "name": "rethinkdb",
            "slug": "rethinkdb"
        },
        "model": "blog.tag",
        "pk": 46
    },
    {
        "fields": {
            "name": "python",
            "slug": "python"
        },
        "model": "blog.tag",
        "pk": 47
    },
    {
        "fields": {
            "status": "0",
            "category": 9,
            "locked": false,
            "title": "Customizing the dashboard and menu",
            "createdate": "2016-06-28T08:45:14.168",
            "section": 3,
            "tags": [
                16,
                17,
                4
            ],
            "summary": "Odio assumenda vitae aut aspernatur. Consequatur fuga iste exercitationem quasi laudantium quia. Aut ab nihil consequatur voluptatem maxime et sequi. Qui aut ut autem maiores sed quis.",
            "sticky": false,
            "owner": 1,
            "updatedate": "2016-07-01T05:24:02.475",
            "date": "2016-05-02",
            "body": "Minus earum eveniet temporibus beatae eum et porro. Atque id error commodi sed tenetur repudiandae. Error quis soluta optio ratione aspernatur mollitia molestiae. Et voluptas et similique.\r\nCorrupti maxime commodi molestiae sequi tenetur voluptatem quas. Quia ab dolores beatae minus. Quas et nihil quo maxime itaque non hic officia. Sequi reiciendis rerum adipisci nihil.",
            "image": ""
        },
        "model": "blog.entry",
        "pk": 1
    },
    {
        "fields": {
            "status": "0",
            "category": 8,
            "locked": false,
            "title": "Authentication and permissions",
            "createdate": "2016-06-28T08:45:14.175",
            "section": 3,
            "tags": [
                13,
                1,
                14
            ],
            "summary": "Qui dignissimos velit ut maiores. Debitis labore quam magni enim quisquam itaque. Libero suscipit dolorum quam qui.",
            "sticky": false,
            "owner": 1,
            "updatedate": "2016-07-01T05:24:02.468",
            "date": "2016-05-27",
            "body": "Voluptas repellendus et debitis quia. Magnam vitae et sed molestiae et. Officia placeat totam fugit consectetur.\r\nQuidem autem neque ut cumque hic et. Voluptatem culpa aliquid dolore voluptate quos illo deserunt. Nobis debitis numquam aut voluptate est ut.\r\nDelectus architecto quia aut exercitationem iusto eaque aut. Mollitia aut dolorum rerum est quaerat quo et. Expedita officia vel facilis similique ut.",
            "image": ""
        },
        "model": "blog.entry",
        "pk": 2
    },
    {
        "fields": {
            "status": "1",
            "category": 6,
            "locked": false,
            "title": "Deploying crudl is easy",
            "createdate": "2016-06-28T08:45:14.184",
            "section": 3,
            "tags": [
                21,
                32
            ],
            "summary": "Quis necessitatibus reiciendis laboriosam nam sed. Autem eum quisquam qui animi fuga qui. Voluptas ut eos aut autem. Deleniti quas quo iste cumque ea.",
            "sticky": false,
            "owner": 1,
            "updatedate": "2016-07-01T05:24:02.484",
            "date": "2016-03-27",
            "body": "In quasi aut dignissimos eum sed vel. Quia eveniet minus est neque earum sequi. Porro et dolorum voluptatem aspernatur consequuntur. Et et molestiae vero quasi.\r\nAperiam perspiciatis aut molestiae odit porro perferendis. Magnam voluptatum quisquam nemo vero distinctio. Voluptates ea beatae distinctio quibusdam. Saepe quaerat distinctio qui quo et. Similique quae a ex.",
            "image": ""
        },
        "model": "blog.entry",
        "pk": 3
    },
    {
        "fields": {
            "status": "0",
            "category": 7,
            "locked": false,
            "title": "Serving crudl with Nginx/Apache",
            "createdate": "2016-06-28T08:45:14.196",
            "section": 3,
            "tags": [
                30,
                31,
                32
            ],
            "summary": "Quia inventore beatae in earum ea vel. Laborum ipsam similique aperiam aut sed.",
            "sticky": false,
            "owner": 1,
            "updatedate": "2016-07-01T05:24:02.506",
            "date": "2016-01-27",
            "body": "Suscipit facere id itaque ut autem in qui. Ut modi repellendus sit ipsa molestiae tempora iste. Voluptatum quidem est voluptate sed. Dolores corrupti repellat eos dolore quia dolor eveniet et.\r\nVero cupiditate quis qui. Consequatur quibusdam nihil amet reprehenderit veritatis. Eaque qui libero et animi possimus quis. Debitis nesciunt non doloribus ut dolor fugit et voluptatibus.",
            "image": ""
        },
        "model": "blog.entry",
        "pk": 4
    },
    {
        "fields": {
            "status": "1",
            "category": 8,
            "locked": false,
            "title": "A guide to building admin.js",
            "createdate": "2016-06-28T08:45:14.203",
            "section": 3,
            "tags": [
                41,
                20,
                42
            ],
            "summary": "Hic ea nemo quia non non quo voluptas. Omnis commodi culpa est molestiae possimus. Consequatur aut placeat perspiciatis aliquam et ut ut.",
            "sticky": false,
            "owner": 1,
            "updatedate": "2016-07-01T05:24:02.497",
            "date": "2016-02-12",
            "body": "Nostrum sit voluptas quia recusandae. Dolorem atque facilis aperiam dolore ut minima numquam sed. Et numquam rerum et soluta.\r\nOmnis dolores aliquam laborum voluptatem. Ullam assumenda recusandae iste odio quasi quasi quo. Occaecati ex aliquam neque enim architecto.\r\nLaboriosam qui ut est ut tenetur non magni. Est in rerum et repudiandae nobis enim. Repellendus dolorem ipsam minima sit distinctio non ratione aperiam. Et quos in ullam dolor neque quia.",
            "image": ""
        },
        "model": "blog.entry",
        "pk": 5
    },
    {
        "fields": {
            "status": "1",
            "category": null,
            "locked": false,
            "title": "The team behind crudl",
            "createdate": "2016-06-28T08:45:14.213",
            "section": 1,
            "tags": [],
            "summary": "Numquam excepturi repudiandae delectus ducimus. Non facere qui fugit placeat. Voluptatem laborum sint velit assumenda aut omnis doloribus. Suscipit praesentium aut in corporis.",
            "sticky": false,
            "owner": 1,
            "updatedate": "2016-07-01T05:24:02.489",
            "date": "2016-03-12",
            "body": "Et ut molestiae est eos. Sequi laboriosam enim doloribus dolores harum explicabo. Aliquam qui dolorem aut cumque. Et numquam est nisi voluptatum iure.\r\nAliquid optio cumque deserunt soluta quo. Earum nesciunt aut tempore harum. Rem deleniti id hic.\r\nOmnis ullam dicta at cupiditate qui atque. Blanditiis nulla ea vel magni ex est. Et sit voluptatem et.",
            "image": ""
        },
        "model": "blog.entry",
        "pk": 6
    },
    {
        "fields": {
            "status": "1",
            "category": null,
            "locked": false,
            "title": "Follow us",
            "createdate": "2016-06-28T08:45:14.220",
            "section": 4,
            "tags": [],
            "summary": "Cupiditate illum non dolorum dolorem facilis. Non quia eaque est hic nam velit. Dolores rerum nihil dolores rerum reiciendis quia.",
            "sticky": false,
            "owner": 1,
            "updatedate": "2016-07-01T05:24:02.502",
            "date": "1976-05-22",
            "body": "Molestias molestias labore quo excepturi excepturi labore. Earum eius tempore qui. Ea veniam commodi quasi rerum repudiandae culpa.\r\nDicta quo omnis atque ea in voluptatum voluptas. Quae repellendus expedita qui. Et beatae quis est sit. Nesciunt iusto quis voluptates quod.",
            "image": ""
        },
        "model": "blog.entry",
        "pk": 7
    },
    {
        "fields": {
            "status": "0",
            "category": 8,
            "locked": false,
            "title": "Authentication with Stormpath",
            "createdate": "2016-06-28T08:45:14.229",
            "section": 3,
            "tags": [
                39,
                13,
                14
            ],
            "summary": "Minima est fugiat laudantium perspiciatis quisquam quaerat eligendi laboriosam. Sed asperiores atque magni expedita iure vitae molestiae velit. Ab laborum nostrum soluta odio.",
            "sticky": false,
            "owner": 1,
            "updatedate": "2016-07-01T05:24:02.491",
            "date": "2016-03-02",
            "body": "Suscipit aperiam nam aliquam quo. Fugiat asperiores qui sint ipsum. Ea fugit perferendis culpa voluptatem. Ipsam ex et necessitatibus sit ipsa ea laboriosam laborum.\r\nDolorem laboriosam dolorum nostrum voluptatem. Tempore illum quia hic. Qui rerum ut voluptatem dolores vero velit. Rerum possimus delectus sit non ipsa possimus magnam. Repellendus consequatur eius similique quia quos laboriosam consequatur.",
            "image": ""
        },
        "model": "blog.entry",
        "pk": 8
    },
    {
        "fields": {
            "status": "1",
            "category": 1,
            "locked": false,
            "title": "crudl 0.2",
            "createdate": "2016-06-28T08:45:14.242",
            "section": 2,
            "tags": [],
            "summary": "Ut sequi id vel quis repellat dolor et beatae. Qui consequatur magnam labore corrupti. Eos ut adipisci aliquam ut voluptas quia.",
            "sticky": false,
            "owner": 1,
            "updatedate": "2016-07-01T05:24:02.490",
            "date": "2016-03-07",
            "body": "Non repudiandae voluptas natus unde vel error cumque odit. Voluptates pariatur iure eius inventore aliquam sapiente voluptatem. Ad est in ut.\r\nAsperiores dolore aspernatur sed maiores numquam. Ipsam at eaque saepe ut quas qui. Non optio tenetur rem qui omnis possimus.\r\nIpsa nostrum fuga odit sint itaque laborum sunt. Aut tempore officia beatae corporis. Qui eaque fugiat necessitatibus qui. Placeat odio et recusandae ut.",
            "image": ""
        },
        "model": "blog.entry",
        "pk": 9
    },
    {
        "fields": {
            "status": "0",
            "category": 10,
            "locked": false,
            "title": "API best practices (REST)",
            "createdate": "2016-06-28T08:45:14.254",
            "section": 3,
            "tags": [
                12,
                10
            ],
            "summary": "Voluptatum numquam adipisci est in voluptatem eveniet. Enim doloribus odio repellat. Error quae neque sit sunt.",
            "sticky": false,
            "owner": 1,
            "updatedate": "2016-07-01T05:24:02.494",
            "date": "2016-02-22",
            "body": "Aliquam voluptas fuga id maxime harum ipsam. Qui atque sed nihil corporis earum aliquam. Aut exercitationem sed deleniti reprehenderit odit debitis.\r\nVoluptates praesentium illo numquam ut velit. Aliquid consectetur sint aliquid saepe. Et maxime dolor ratione.\r\nEligendi dignissimos dolores qui ut. Et aut voluptas eum dicta et libero qui. Reiciendis quis quae provident vero voluptas est voluptatem. Quia consequuntur magnam quam consectetur ut architecto.",
            "image": ""
        },
        "model": "blog.entry",
        "pk": 10
    },
    {
        "fields": {
            "status": "1",
            "category": null,
            "locked": false,
            "title": "Separation of concerns",
            "createdate": "2016-06-28T08:45:14.258",
            "section": 4,
            "tags": [],
            "summary": "Aliquam odio qui officiis et voluptatem omnis. Rerum minus deleniti ullam et ea laudantium eius. Magnam eaque qui qui numquam illo sunt quia. Hic placeat sint velit facilis ut soluta culpa.",
            "sticky": false,
            "owner": 1,
            "updatedate": "2016-07-01T05:24:02.470",
            "date": "2016-05-22",
            "body": "Officiis commodi nihil ipsum quod est. Doloribus est voluptatem pariatur et quo aperiam et. Sequi sed nobis ratione nihil.\r\nQuidem et qui commodi architecto numquam. Vel ut at aspernatur. Dignissimos dolorem incidunt deleniti veniam cupiditate pariatur. Ea consequatur eos ut necessitatibus architecto. Est voluptas ab modi omnis consequuntur.\r\nId et labore consequatur iure ut facilis. Odio ex et ea dolor.",
            "image": ""
        },
        "model": "blog.entry",
        "pk": 11
    },
    {
        "fields": {
            "status": "1",
            "category": 7,
            "locked": false,
            "title": "Installation",
            "createdate": "2016-06-28T08:45:14.269",
            "section": 3,
            "tags": [
                7,
                21,
                8
            ],
            "summary": "Adipisci cum minus voluptatem earum ut sint rerum est. Eveniet sed ea qui quisquam praesentium quis aut. Eaque aut quam illo reiciendis eum. Id tenetur accusantium vero quibusdam.",
            "sticky": false,
            "owner": 1,
            "updatedate": "2016-07-01T05:24:02.480",
            "date": "2016-04-17",
            "body": "Nemo omnis possimus saepe itaque amet neque. Perspiciatis repellat inventore aut expedita. Iusto ut amet perferendis optio doloribus aspernatur. Et eveniet dolor quos omnis. Harum ipsam est quia molestiae dolorum.\r\nEos maiores modi ex eveniet iusto. Repudiandae libero quo voluptas minus et. Ea sunt neque excepturi aut modi est. Et repudiandae voluptatem blanditiis repellat.\r\nPerspiciatis dolorum autem aperiam dolorem natus. Placeat debitis molestiae qui eius sed similique.",
            "image": ""
        },
        "model": "blog.entry",
        "pk": 12
    },
    {
        "fields": {
            "status": "1",
            "category": 9,
            "locked": false,
            "title": "Writing a custom component",
            "createdate": "2016-06-28T08:45:14.273",
            "section": 3,
            "tags": [
                39,
                34,
                16,
                20
            ],
            "summary": "Eos velit mollitia et non corporis et. Nemo ex et voluptatibus perspiciatis laboriosam. Tempora esse provident placeat.",
            "sticky": false,
            "owner": 1,
            "updatedate": "2016-07-01T05:24:02.466",
            "date": "2016-06-02",
            "body": "Accusantium qui qui magni nihil. Quam velit incidunt voluptatem ducimus omnis dolor beatae. Rerum accusantium eius modi fugiat sunt dicta nulla.\r\nCorporis repellendus quaerat quia at. Molestias ea commodi cumque velit soluta necessitatibus id. Sit odio repellendus dicta sapiente at sunt.\r\nAd quis voluptatem repellat exercitationem et dolorum. Dolores laborum officia est voluptatem. Perferendis exercitationem dolor nihil consectetur repellat facere voluptatem.",
            "image": ""
        },
        "model": "blog.entry",
        "pk": 13
    },
    {
        "fields": {
            "status": "1",
            "category": null,
            "locked": false,
            "title": "Backend agnostic",
            "createdate": "2016-06-28T08:45:14.281",
            "section": 4,
            "tags": [
                22,
                25,
                23,
                27,
                28,
                29,
                24,
                26
            ],
            "summary": "Perferendis commodi recusandae maiores inventore ipsa repudiandae quidem. Tenetur veritatis iure rerum harum iste maxime et.",
            "sticky": false,
            "owner": 1,
            "updatedate": "2016-07-01T05:24:02.507",
            "date": "2016-01-22",
            "body": "Rerum corrupti non ipsum repellat maiores debitis velit. Dignissimos temporibus temporibus minus distinctio at quia molestiae et. Nemo quo aliquam earum aut sint mollitia amet. Laudantium corrupti quo modi quia est.\r\nEt atque repellendus iure. Perferendis tempora omnis id dicta hic voluptatem sint alias. Aut ea accusantium enim quam culpa harum est. Numquam quia unde deleniti voluptates laboriosam.",
            "image": ""
        },
        "model": "blog.entry",
        "pk": 14
    },
    {
        "fields": {
            "status": "0",
            "category": 10,
            "locked": false,
            "title": "API best practices (GraphQL)",
            "createdate": "2016-06-28T08:45:14.289",
            "section": 3,
            "tags": [
                12,
                11
            ],
            "summary": "At sed aut eos. Hic assumenda reiciendis omnis a a facilis aspernatur non. Hic accusantium quia est et nobis debitis aperiam. Et ullam veniam quod labore et.",
            "sticky": false,
            "owner": 1,
            "updatedate": "2016-07-01T05:24:02.493",
            "date": "2016-02-27",
            "body": "Minima reprehenderit consequatur nobis. Quas fugiat commodi deleniti. Laborum voluptatibus molestiae voluptates delectus veniam est. Maiores minus iure impedit.\r\nQuidem nesciunt nemo in et. Officiis sequi placeat exercitationem quia minima fugit. Velit dicta magni eius aut. Ducimus sed error culpa voluptatem nostrum.\r\nCommodi quo nam soluta iure sint. Itaque accusamus et doloremque et autem sed suscipit et. Totam ut eveniet voluptatem magnam porro.",
            "image": ""
        },
        "model": "blog.entry",
        "pk": 15
    },
    {
        "fields": {
            "status": "1",
            "category": null,
            "locked": false,
            "title": "Roadmap",
            "createdate": "2016-06-28T08:45:14.296",
            "section": 1,
            "tags": [],
            "summary": "Et atque alias similique mollitia voluptas modi numquam. Eius nostrum dolorum dignissimos nesciunt. Non repellendus adipisci nobis quia quia. Accusamus ipsa minus tempora provident in modi quam.",
            "sticky": false,
            "owner": 1,
            "updatedate": "2016-07-01T05:24:02.486",
            "date": "2016-03-22",
            "body": "Itaque et officiis fuga quia aliquam rerum. Ea ut accusamus quisquam est dolor dolor. Voluptatem nobis omnis minus nesciunt.\r\nEt ipsa assumenda nulla voluptas dolorum ea. Nulla et sit molestiae tenetur error in iusto. Ducimus harum id incidunt sit.\r\nOdio aut sed nihil. Unde possimus minima quasi ratione delectus ipsum. Quae qui labore minima corrupti et.\r\nIn officia labore vel enim. Iusto earum qui officia sed recusandae. Reiciendis placeat officia deserunt et veritatis.",
            "image": ""
        },
        "model": "blog.entry",
        "pk": 16
    },
    {
        "fields": {
            "status": "0",
            "category": 8,
            "locked": false,
            "title": "How to write connectors & descriptors",
            "createdate": "2016-06-28T08:45:14.303",
            "section": 3,
            "tags": [
                37,
                7,
                8
            ],
            "summary": "Repellendus at ad repudiandae quae consectetur sed et. Dolorem tempora et et vel. Quam quia aut debitis qui nemo amet.",
            "sticky": false,
            "owner": 1,
            "updatedate": "2016-07-01T05:24:02.500",
            "date": "2016-02-02",
            "body": "Animi veniam impedit modi excepturi provident voluptatem. Voluptatem sit adipisci ipsam beatae. Quos aut nisi rerum earum molestiae atque rerum. Asperiores ut necessitatibus accusamus debitis veritatis libero. Natus est aut cumque hic sed architecto.\r\nPariatur qui officia nulla odio. Atque quasi delectus doloremque deserunt dolorem facere ut. Distinctio in recusandae maiores esse corporis eligendi suscipit. Tempore quis rem et error iste.",
            "image": ""
        },
        "model": "blog.entry",
        "pk": 17
    },
    {
        "fields": {
            "status": "0",
            "category": 11,
            "locked": false,
            "title": "Python/Django example",
            "createdate": "2016-06-28T08:45:14.306",
            "section": 3,
            "tags": [
                22,
                11,
                45,
                47,
                10
            ],
            "summary": "Nesciunt molestiae ut architecto in facilis. Quis cupiditate ut voluptate quo vero. Non ut ut quis quia voluptas facere aliquam.",
            "sticky": false,
            "owner": 1,
            "updatedate": "2016-07-01T05:24:02.464",
            "date": "2016-06-07",
            "body": "Similique labore molestias laboriosam ipsum quo eligendi. Velit necessitatibus libero quia odio culpa. Atque veritatis maiores distinctio magnam eligendi explicabo quos iusto. Possimus sint placeat laboriosam quo id aut.\r\nFacilis consequuntur excepturi tempora cum. Aut qui repudiandae incidunt nihil dolores. Ipsa dicta odio quis accusantium minima nobis.",
            "image": ""
        },
        "model": "blog.entry",
        "pk": 18
    },
    {
        "fields": {
            "status": "1",
            "category": 6,
            "locked": false,
            "title": "The crudl ecosystem",
            "createdate": "2016-06-28T08:45:14.314",
            "section": 3,
            "tags": [],
            "summary": "Necessitatibus et earum odio error nulla sint aspernatur. Ducimus doloribus minima nisi nisi est non magni. Vero rerum fuga modi ea hic tempora.",
            "sticky": false,
            "owner": 1,
            "updatedate": "2016-07-01T05:24:02.477",
            "date": "2016-04-27",
            "body": "Incidunt suscipit voluptas eum rerum. Eius ratione aut qui assumenda. Repellat placeat in sint autem odit ratione iste.\r\nId quia aspernatur facilis et repellat voluptatum. Optio vel iusto magni excepturi ipsum voluptate harum. Enim necessitatibus debitis quia.\r\nEst eaque iusto quam. Perferendis iusto est omnis repellendus necessitatibus. Et aliquam non nisi dignissimos assumenda omnis amet. Illo iusto rerum blanditiis est dolorem. Ut neque rerum quisquam ex aut dicta.",
            "image": ""
        },
        "model": "blog.entry",
        "pk": 19
    },
    {
        "fields": {
            "status": "0",
            "category": 11,
            "locked": false,
            "title": "Node/Express example",
            "createdate": "2016-06-28T08:45:14.320",
            "section": 3,
            "tags": [
                25,
                11,
                43,
                24,
                10
            ],
            "summary": "Corporis tempore aliquid tempore ipsam iusto dolore. Quia consequatur ut qui aliquam deserunt quos. Voluptatibus corrupti minima nam tempora adipisci rem pariatur qui.",
            "sticky": false,
            "owner": 1,
            "updatedate": "2016-07-01T05:24:02.496",
            "date": "2016-02-17",
            "body": "Consequatur corrupti ipsum reiciendis soluta. Eligendi ea est molestiae sit blanditiis ipsum sunt et. Ipsum quo accusamus et.\r\nAsperiores facere voluptatum quibusdam quasi et temporibus. Qui ut saepe impedit veniam assumenda corrupti. Aut aspernatur rerum ut omnis libero qui.\r\nOfficia blanditiis sed enim. Et aperiam est nihil ut quidem rem modi. Sed minima maxime in voluptates.",
            "image": ""
        },
        "model": "blog.entry",
        "pk": 20
    },
    {
        "fields": {
            "status": "0",
            "category": 10,
            "locked": false,
            "title": "GraphQL with Python/Graphene",
            "createdate": "2016-06-28T08:45:14.330",
            "section": 3,
            "tags": [
                11,
                47
            ],
            "summary": "Commodi maiores aut neque expedita qui velit qui. Labore quod et et eum officia ut. Ipsa cum corrupti qui iste.",
            "sticky": false,
            "owner": 1,
            "updatedate": "2016-07-01T05:24:02.481",
            "date": "2016-04-12",
            "body": "Necessitatibus totam omnis aut voluptatem laboriosam itaque facilis. Omnis est commodi rerum eligendi dolor debitis ratione. Suscipit molestias quia dolores laboriosam molestiae sed. Officia doloremque officiis delectus ad et magnam. Iste aut quo harum ab error.\r\nSoluta sit non quod dolorum rerum eos. Qui tempora saepe incidunt nulla in dicta. Et tempore nihil voluptatem voluptatem fugiat ratione repellat.",
            "image": ""
        },
        "model": "blog.entry",
        "pk": 21
    },
    {
        "fields": {
            "status": "1",
            "category": null,
            "locked": false,
            "title": "How to participate",
            "createdate": "2016-06-28T08:45:14.337",
            "section": 4,
            "tags": [],
            "summary": "Eligendi a quia eius. Quia cum dolore quia omnis. Delectus nemo sint qui. Doloremque molestiae enim quia quaerat laborum ex.",
            "sticky": false,
            "owner": 1,
            "updatedate": "2016-07-01T05:24:02.483",
            "date": "2016-04-07",
            "body": "Non rerum ut eos sit. Sequi ut at et sit ullam. Temporibus aut iure quo maxime. Quaerat culpa sit placeat minus.\r\nLaborum voluptate itaque totam quae harum ducimus dolores nihil. Exercitationem consequuntur laboriosam qui sit.\r\nPerferendis fuga id voluptatem fuga est possimus maiores sit. Laudantium nesciunt rerum enim ipsa quia. Maxime impedit ut dolores voluptate.",
            "image": ""
        },
        "model": "blog.entry",
        "pk": 22
    },
    {
        "fields": {
            "status": "1",
            "category": 8,
            "locked": false,
            "title": "Fields depending on each other",
            "createdate": "2016-06-28T08:45:14.346",
            "section": 3,
            "tags": [
                16,
                15,
                6
            ],
            "summary": "Minima possimus totam perferendis qui sit libero. Iusto labore doloribus occaecati iusto. Repudiandae dignissimos repudiandae sapiente veritatis nesciunt tempore et.",
            "sticky": false,
            "owner": 1,
            "updatedate": "2016-07-01T05:24:02.478",
            "date": "2016-04-22",
            "body": "Accusamus vel eum sed asperiores accusantium et reprehenderit. Animi et iusto suscipit quae et. Sit et veritatis quaerat non.\r\nAd est non dolorem et. Et voluptate reprehenderit voluptas qui. Incidunt omnis sed odio aut velit.\r\nVel occaecati sunt aut. Soluta sit corrupti quia accusantium quia. Quo quibusdam esse aliquam rerum esse. Asperiores voluptas labore velit aut eos laudantium.",
            "image": ""
        },
        "model": "blog.entry",
        "pk": 23
    },
    {
        "fields": {
            "status": "0",
            "category": null,
            "locked": false,
            "title": "Ensure financing an open source project",
            "createdate": "2016-06-28T08:45:14.357",
            "section": 1,
            "tags": [],
            "summary": "Reprehenderit nulla fuga vero et delectus. Placeat est quia voluptas placeat quia impedit non.",
            "sticky": false,
            "owner": 1,
            "updatedate": "2016-07-01T05:24:02.473",
            "date": "2016-05-12",
            "body": "Ut voluptatem perspiciatis rem aut voluptates at. Incidunt quod sunt eos.\r\nPorro qui aspernatur ex fuga quasi. In placeat nulla atque cumque sit at facere. Eveniet magnam quo est qui ipsa eum est minus. Sed atque odit sequi beatae. Minus fugit sint aut nihil.\r\nDolores ex exercitationem pariatur non iste eveniet. Fugit ea saepe porro asperiores. Officiis aut velit nobis placeat dolorum vitae. Et aut minima molestiae distinctio in recusandae praesentium.",
            "image": ""
        },
        "model": "blog.entry",
        "pk": 24
    },
    {
        "fields": {
            "status": "1",
            "category": null,
            "locked": false,
            "title": "crudl.io launched",
            "createdate": "2016-06-28T08:45:14.363",
            "section": 1,
            "tags": [],
            "summary": "Consequatur voluptatem rem rerum quo culpa. Praesentium qui dolore quo impedit. Nesciunt delectus atque molestiae ipsa consequuntur veritatis. Quisquam qui aliquid maxime qui.",
            "sticky": true,
            "owner": 1,
            "updatedate": "2016-07-01T05:24:02.459",
            "date": "2016-05-07",
            "body": "Est nobis perferendis dolore voluptates et ea similique. Sit esse sunt ipsum qui explicabo inventore. Illum at vero sapiente saepe error. Quisquam itaque adipisci eligendi hic.\r\nAd non in molestias eveniet aut. Rerum assumenda commodi dolorem nemo. Excepturi ipsam aut est laborum consectetur voluptatem ut ut.\r\nNihil dolore aut doloribus esse molestiae laborum numquam. Eligendi fuga consequuntur sed.",
            "image": ""
        },
        "model": "blog.entry",
        "pk": 25
    },
    {
        "fields": {
            "status": "1",
            "category": null,
            "locked": false,
            "title": "Upcoming development (Autumn 2016)",
            "createdate": "2016-06-28T08:45:14.370",
            "section": 1,
            "tags": [],
            "summary": "Alias maiores et et neque et. Odit et eaque possimus sed sit. Perspiciatis labore incidunt quibusdam nihil eum ut est. Veritatis reiciendis atque commodi expedita.",
            "sticky": true,
            "owner": 1,
            "updatedate": "2016-07-01T05:24:02.462",
            "date": "2016-04-02",
            "body": "Esse omnis quidem assumenda sapiente ratione. Illo quibusdam minima sit eos hic fuga. Sunt dolores voluptatem quaerat iure sunt deserunt. Est sunt velit deserunt.\r\nLaudantium iure aliquam qui quos a. Corrupti quam quia ex omnis doloribus. Quaerat hic perspiciatis qui exercitationem rerum. Unde eligendi pariatur eius rem ex quos.\r\nQui a labore est odit. Aut assumenda amet possimus voluptatem quidem odit exercitationem.",
            "image": ""
        },
        "model": "blog.entry",
        "pk": 26
    },
    {
        "fields": {
            "status": "1",
            "category": null,
            "locked": false,
            "title": "crudl compared to the django admin",
            "createdate": "2016-06-28T08:45:14.382",
            "section": 4,
            "tags": [],
            "summary": "Rerum temporibus et consequuntur corporis. Quia rerum ut nobis. Doloremque velit corrupti velit deserunt rerum expedita. Odio incidunt omnis et est sunt.",
            "sticky": false,
            "owner": 1,
            "updatedate": "2016-07-01T05:24:02.472",
            "date": "2016-05-17",
            "body": "Assumenda culpa explicabo maxime ducimus earum blanditiis. Laboriosam nam ex quia itaque et ea. Autem repellendus rem et ut velit.\r\nA blanditiis repellendus nisi quaerat omnis. Et enim quo corrupti odit.\r\nEst perspiciatis labore ab veritatis. Laborum velit repudiandae ipsam rem possimus. Mollitia et consequuntur quis tempora neque ipsa alias qui.\r\nDolorum quis quos alias quibusdam officiis velit. Similique distinctio et earum. Ea laboriosam placeat qui minus.",
            "image": ""
        },
        "model": "blog.entry",
        "pk": 27
    },
    {
        "fields": {
            "status": "0",
            "category": 8,
            "locked": false,
            "title": "Using crudl-admin-kit",
            "createdate": "2016-06-28T08:45:14.389",
            "section": 3,
            "tags": [
                9,
                37,
                7,
                8
            ],
            "summary": "Sed enim et ad est magnam dolorum. Dolor error nihil dolore voluptatum et quis. Id quaerat ut molestias dolores quaerat delectus. Dolorem officiis labore necessitatibus molestiae.",
            "sticky": false,
            "owner": 1,
            "updatedate": "2016-07-01T05:24:02.487",
            "date": "2016-03-17",
            "body": "Repudiandae nam qui nihil nihil officiis velit. Eligendi minima qui modi aut maxime. Quo inventore aliquam et tempore officiis fugiat. Reprehenderit dolor architecto animi. Debitis cum quis dolore rerum soluta ipsa officiis.\r\nDolorem molestiae accusantium ab perspiciatis rerum. Distinctio nobis molestiae nemo aliquid officiis. Molestiae nesciunt voluptate consequatur est aspernatur provident. Omnis officiis eum quam.",
            "image": ""
        },
        "model": "blog.entry",
        "pk": 28
    },
    {
        "fields": {
            "status": "0",
            "category": 6,
            "locked": false,
            "title": "5 minutes crudl introduction",
            "createdate": "2016-06-28T08:45:14.396",
            "section": 3,
            "tags": [
                37
            ],
            "summary": "Molestias ipsam maxime et reiciendis eaque harum. Dignissimos omnis at ab impedit eos. Libero occaecati minima sunt vel minus.",
            "sticky": false,
            "owner": 1,
            "updatedate": "2016-07-01T05:24:02.499",
            "date": "2016-02-07",
            "body": "Deserunt natus repellat cumque qui aperiam mollitia. Consequatur tempora optio ipsa quidem dolores laudantium suscipit.\r\nVelit a explicabo ab eum. Sunt et quos blanditiis autem explicabo odit aut. Tempora vel molestiae fuga occaecati. Praesentium vel est nisi et necessitatibus perspiciatis unde.\r\nUt amet dolores qui nihil iusto. Et iste dolores qui eaque doloribus cumque. Nisi sint cum ea nulla minus recusandae dicta est.",
            "image": ""
        },
        "model": "blog.entry",
        "pk": 29
    },
    {
        "fields": {
            "status": "1",
            "category": 2,
            "locked": false,
            "title": "New frontend theme (crudl.material)",
            "createdate": "2016-06-28T08:45:14.431",
            "section": 2,
            "tags": [
                3,
                2,
                4,
                5
            ],
            "summary": "Voluptatibus et repellat voluptas voluptates autem. Repudiandae unde est ut dolores atque labore doloremque. Soluta libero tempora qui cupiditate non. Vel aliquid libero sed.",
            "sticky": false,
            "owner": 1,
            "updatedate": "2016-07-01T05:24:02.504",
            "date": "2016-06-12",
            "body": "Et architecto temporibus provident et fugit dignissimos. Rerum rerum eligendi esse voluptas non cupiditate laboriosam. Temporibus nesciunt voluptas porro ipsa voluptatem facilis blanditiis. Soluta voluptates quam magnam et consequatur.\r\nNostrum voluptas quis quisquam. Minus asperiores sed aperiam laborum. Sit molestias voluptate aut corrupti pariatur enim veritatis. Illum est odio fuga consequatur.",
            "image": ""
        },
        "model": "blog.entry",
        "pk": 30
    },
    {
        "model": "blog.entrylink",
        "pk": 6,
        "fields": {
            "entry": 6,
            "url": "http://vonautomatisch.at",
            "title": "vonautomatisch",
            "description": "",
            "position": 0
        }
    },
    {
        "model": "blog.entrylink",
        "pk": 7,
        "fields": {
            "entry": 6,
            "url": "https://twitter.com/sehmaschine",
            "title": "sehmaschine on Twitter",
            "description": "",
            "position": 1
        }
    },
    {
        "model": "blog.entrylink",
        "pk": 9,
        "fields": {
            "entry": 7,
            "url": "https://github.com/crudlio",
            "title": "GitHub",
            "description": "",
            "position": 0
        }
    },
    {
        "model": "blog.entrylink",
        "pk": 10,
        "fields": {
            "entry": 8,
            "url": "https://stormpath.com/",
            "title": "Stormpath",
            "description": "",
            "position": 0
        }
    },
    {
        "model": "blog.entrylink",
        "pk": 13,
        "fields": {
            "entry": 10,
            "url": "http://www.restapitutorial.com/",
            "title": "REST API Tutorial",
            "description": "",
            "position": 0
        }
    },
    {
        "model": "blog.entrylink",
        "pk": 16,
        "fields": {
            "entry": 15,
            "url": "http://graphql.org/",
            "title": "GraphQL",
            "description": "",
            "position": 0
        }
    },
    {
        "model": "blog.entrylink",
        "pk": 20,
        "fields": {
            "entry": 18,
            "url": "https://www.djangoproject.com/",
            "title": "Django",
            "description": "",
            "position": 0
        }
    },
    {
        "model": "blog.entrylink",
        "pk": 21,
        "fields": {
            "entry": 18,
            "url": "http://www.django-rest-framework.org/",
            "title": "Django REST Framework",
            "description": "",
            "position": 1
        }
    },
    {
        "model": "blog.entrylink",
        "pk": 25,
        "fields": {
            "entry": 20,
            "url": "https://nodejs.org/",
            "title": "Node.js",
            "description": "",
            "position": 0
        }
    },
    {
        "model": "blog.entrylink",
        "pk": 26,
        "fields": {
            "entry": 20,
            "url": "http://expressjs.com/",
            "title": "Express",
            "description": "",
            "position": 1
        }
    },
    {
        "model": "blog.entrylink",
        "pk": 28,
        "fields": {
            "entry": 21,
            "url": "https://www.python.org/",
            "title": "Python",
            "description": "",
            "position": 0
        }
    },
    {
        "model": "blog.entrylink",
        "pk": 29,
        "fields": {
            "entry": 22,
            "url": "https://github.com/crudlio",
            "title": "GitHub",
            "description": "",
            "position": 0
        }
    },
    {
        "model": "blog.entrylink",
        "pk": 37,
        "fields": {
            "entry": 27,
            "url": "https://docs.djangoproject.com/en/1.9/ref/contrib/admin/",
            "title": "Django admin interface",
            "description": "",
            "position": 0
        }
    },
    {
        "model": "blog.entrylink",
        "pk": 38,
        "fields": {
            "entry": 28,
            "url": "https://github.com/crudlio",
            "title": "GitHub",
            "description": "",
            "position": 0
        }
    },
    {
        "model": "blog.entrylink",
        "pk": 43,
        "fields": {
            "entry": 18,
            "url": "http://graphene-python.org/",
            "title": "Graphene",
            "description": "",
            "position": 2
        }
    },
    {
        "model": "blog.entrylink",
        "pk": 44,
        "fields": {
            "entry": 7,
            "url": "https://twitter.com/crudlio",
            "title": "Twitter",
            "description": "",
            "position": 1
        }
    },
    {
        "model": "blog.entrylink",
        "pk": 45,
        "fields": {
            "entry": 21,
            "url": "http://graphene-python.org/",
            "title": "Graphene",
            "description": "",
            "position": 1
        }
    },
    {
        "model": "blog.entrylink",
        "pk": 46,
        "fields": {
            "entry": 25,
            "url": "http://crudl.io",
            "title": "CRUDL",
            "description": "",
            "position": 0
        }
    },
    {
        "model": "blog.entrylink",
        "pk": 47,
        "fields": {
            "entry": 2,
            "url": "https://auth0.com/",
            "title": "Auth0",
            "description": "",
            "position": 0
        }
    },
    {
        "model": "blog.entrylink",
        "pk": 48,
        "fields": {
            "entry": 14,
            "url": "https://www.djangoproject.com/",
            "title": "Django",
            "description": "",
            "position": 0
        }
    },
    {
        "model": "blog.entrylink",
        "pk": 49,
        "fields": {
            "entry": 14,
            "url": "http://expressjs.com/",
            "title": "Express",
            "description": "",
            "position": 1
        }
    },
    {
        "model": "blog.entrylink",
        "pk": 50,
        "fields": {
            "entry": 14,
            "url": "http://flask.pocoo.org/",
            "title": "Flask",
            "description": "",
            "position": 2
        }
    },
    {
        "model": "blog.entrylink",
        "pk": 51,
        "fields": {
            "entry": 14,
            "url": "http://hapijs.com/",
            "title": "hapi",
            "description": "",
            "position": 3
        }
    },
    {
        "model": "blog.entrylink",
        "pk": 52,
        "fields": {
            "entry": 14,
            "url": "http://koajs.com/",
            "title": "koa",
            "description": "",
            "position": 4
        }
    },
    {
        "model": "blog.entrylink",
        "pk": 53,
        "fields": {
            "entry": 14,
            "url": "https://laravel.com/",
            "title": "Laravel",
            "description": "",
            "position": 5
        }
    },
    {
        "model": "blog.entrylink",
        "pk": 54,
        "fields": {
            "entry": 14,
            "url": "https://nodejs.org",
            "title": "Node.js",
            "description": "",
            "position": 6
        }
    },
    {
        "model": "blog.entrylink",
        "pk": 55,
        "fields": {
            "entry": 14,
            "url": "http://rubyonrails.org/",
            "title": "Ruby on Rails",
            "description": "",
            "position": 7
        }
    }
]
